Kareem Robel,(078) 722-9717,West Roseborough,Czech Republic,
Ashly White,1-697-562-9078,Lake Jeanineview,Guinea,
Travis Ebert,(132) 463-1917,Sengerville,Fiji,
Mr. Yang Schmeler,612.874.5519,East Blake,Isle of Man,
Aja Cremin,(413) 022-9110,New Garfield,Estonia,
Racheal Marks,961-679-5033,Schroederborough,Guam,
Bryce Wisozk DDS,729.468.8906,Port Argeliaport,Cyprus,
Alfonso Stoltenberg,751-317-3697,New Inastad,Western Sahara,
Columbus Bartoletti,1-964-574-8173,West Isaac,Turkey,
Jutta Toy PhD,589.787.5618,New Ikehaven,Isle of Man,
